{"gaussian": [[-7.978263500437208], [1.4827742403521802], [-5.575677473714766]], "triangular": [[23.02671313871641], [-27.088592239604694], [-5.473842401255167]], "unif": [[-31.842341176144366], [-8.474950516600288], [1.0946670539240773]], "null": [[-1.4703814899311771], [-3.0060818056155902], [-12.1920668854283]]}