{"null": [[-73368.80939602763, -104630.73254448992]], "gaussian_0.1": [[-52080.32171871897, -72891.13930796081]], "gaussian_0.5": [[-112385.25596506336, -219845.32662685317]], "gaussian_0.9": [[-70419.3911378316, -108459.46452547832]], "quantile_0.1": [[-80579.12151760534, -125120.88796538432]], "quantile_0.5": [[-105539.93276274734, -154555.68004051867]], "quantile_0.9": [[-114309.56111556031, -183468.13297891268]]}