{"null": [[-30135.03383862488, -17010.168286856533]], "gaussian_0.1": [[-114407.60433980817, -190667.37328810213]], "gaussian_0.5": [[-74344.83336905943, -75290.74163791812]], "gaussian_0.9": [[-126919.4487319517, -412975.11929292156]], "quantile_0.1": [[-82817.04528870314, -86815.97592789083]], "quantile_0.5": [[-30912.106814571547, -35637.2428438877]], "quantile_0.9": [[-100351.89057239368, -62163.7160644149]]}