{"null": [[5.340525008666602, 1.4827154265532003]], "gaussian_0.1": [[14.089737620574082, -0.4891385468600642]], "gaussian_0.5": [[5.087148080428767, 3.454568005878903]], "gaussian_0.9": [[6.216970401632527, 4.389362221183008]], "quantile_0.1": [[6.227394704142016, 3.9909881822824698]], "quantile_0.5": [[7.180977865091151, 0.8380369491139463]], "quantile_0.9": [[3.371592140141341, 3.2752300208689213]]}