{"null": [[8.429227648467059, 4.958773920384712]], "gaussian_0.1": [[52.88515809276169, 35.57790205904207]], "gaussian_0.5": [[2.4627266289535426, 2.5420244874723816]], "gaussian_0.9": [[10.02957636223168, 2.437289781346733]], "quantile_0.1": [[40.969952721517686, 22.17248340481064]], "quantile_0.5": [[7.830579030382966, 2.403719577609694]], "quantile_0.9": [[-0.29911669710114897, -2.9220928917933238]]}