{"dkl_loss_log_uncertainity_-0.5": [[-257.68998029727993, -333.769129020346, -138.98678643997818, -201.84896809775705, -105.28784758674949, -143.028510488607, -194.50930495653677, -236.13637107689624, -81.58180967776943, -149.78176882709386], [-186.2865122068726, -270.2401311989368, -317.1417193536084, -236.2768986621167, -117.70462558331946, -150.08677742498065, -351.4044428910488, -261.75584933179, -268.68971275112654, -216.51266103188584]], "dkl_loss_log_uncertainity_-0.25": [[-155.9090805199778, -189.56554607927217, -346.3575777889721, -168.8427368879748, -158.2049401859216, -186.93677308741536, -221.04266693531267, -136.9256382611269, -145.31729222883422, -136.42231031865532], [-468.70061502772916, -482.3818178581201, -538.2101206148427, -1253.3635316262541, -712.7876605991685, -895.3028687417199, -1075.6233306893241, -2352.974756961449, -349.592333210394, -490.6720550751491]], "dkl_loss_log_uncertainity_0": [[-963.4011094561671, -1112.6496242433218, -781.1236610983204, -833.905762209835, -779.980930113836, -536.721786597358, -1385.186779764155, -832.2787410131284, -472.35067304115546, -399.32329269029094], [-160.559071149768, -117.85034079220775, -136.1200729799482, -122.15523531224544, -96.44415323049758, -138.12542570143899, -128.02222307458558, -118.47013871009004, -192.95055197993125, -170.87874624463635]], "dkl_loss_log_uncertainity_0.25": [[-432.61133235915776, -443.20777310900894, -169.26889934702908, -139.00806990783093, -150.65672695431306, -497.6036783535857, -148.8191747123541, -1316.2289832813724, -1022.0699636445872, -133.19868312535664], [-599.411581042692, -485.1578614558291, -420.57398376638827, -318.7914659999454, -189.73547228916198, -425.4586451939692, -465.9337533654479, -214.99657003919208, -534.3256540262347, -191.13521788772925]], "dkl_loss_log_uncertainity_0.5": [[-151.79318602471258, -129.10523007262634, -840.6095293634781, -173.6890311808599, -396.27476483463244, -190.37781012312314, -525.5274023152109, -198.53378357727848, -763.7496950139986, -600.7429693081206], [-133.24398064285765, -663.2754735677979, -163.80147424990187, -845.4651113475988, -139.24594689852975, -333.2783010739646, -594.9528719212194, -209.73402140147113, -900.1628954963797, -130.95568345914938]], "dkl_loss_maxexpected": [[-291.6287712847639, -336.2381929349684, -202.80947885016474, -375.72964575875756, -365.89981568693537, -44.79027247148632, -298.8268304726994, -337.8799298232376, -157.49838690988668, -329.28923466529307], [-744.0373104119926, -538.1932642970901, -461.558067929834, -450.08332716071095, -817.443001628434, -502.02367707420865, -426.74380737592526, -563.8817140290016, -490.68394993208307, -565.1139147392208]], "wasserstein_loss_log_uncertainity_-0.5": [[-537.530747722728, -390.6872889101535, -470.26186001361384, -371.97757974557345, -567.8838451972022, -502.57562208561546, -372.37691957868805, -413.3890078786145, -799.983585838445, -1168.8977738666447], [-396.2299095526704, -319.0739030936136, -226.39510956266554, -161.16184626128057, -402.61147549643493, -111.92644508996685, -96.59771748646492, -289.3022935688995, -387.35889958178194, -247.92576474167663]], "wasserstein_loss_log_uncertainity_-0.25": [[-25.28965789406574, -302.4602642900702, -117.60081344894597, -148.2556400947313, -280.1670141899721, -32.3542546148975, -185.9286825379287, -133.36233161343952, -149.26219636723903, -149.21660520902577], [-441.82343810625116, -548.7429415918841, -504.22982266727723, -1113.686555623578, -491.42447902534303, -506.91754660314615, -388.2581434989834, -486.18387909801766, -441.5103360848856, -470.32408747754124]], "wasserstein_loss_log_uncertainity_0": [[-506.566512448004, -528.1675412289824, -620.3116317893879, -559.0898545393443, -566.4783425572612, -593.4785838967654, -694.9637579314211, -567.181664155961, -571.1254880008486, -463.2225185663379], [-203.02057543413025, -723.94717152271, -508.44265449385864, -382.3318532409306, -447.39000688951523, -479.5390328888458, -362.9481990682905, -498.56671828717435, -440.45696153915327, -395.6060695417466]], "wasserstein_loss_log_uncertainity_0.25": [[-102.27988069979371, -148.35044242590294, -109.91830955700485, -115.07555892080208, -168.9787238223951, -159.44259727683496, -142.38126040444797, -101.79383305129481, -91.08582986647387, -145.44172443943046], [-101.97079235463846, -127.7261460858735, -482.80750095394166, -125.37090162646169, -133.34515547989412, -136.17704567262132, -159.15189556491683, -119.59132869168842, -151.24606327811605, -150.5016017651098]], "wasserstein_loss_log_uncertainity_0.5": [[-150.5384018090605, -153.44083697988134, -143.29360646705635, -154.64056932260036, -85.79030579795077, -109.16218611797889, -153.4534264496376, -125.94431988075215, -116.99107113719529, -219.23923283055174], [-343.32829200001197, -711.2446093298419, -156.8320130092034, -154.3799902320504, -528.9531323340263, -293.912715027912, -129.855384714997, -141.67070460695615, -289.9749876711113, -131.81921158818136]], "wasserstein_loss_maxexpected": [[-3763.0811968501666, -88.30696317783925, -219.39156252104334, -61.100709208175594, -375.75755120826216, -526.1323267503328, -235.14783895826102, -141.1196413209325, 6.038328122332757, -75.48799186897162], [-105.34264445009735, -307.2931549655274, -472.64669398774316, -582.4852930754257, -446.7094421011884, -183.3324660635763, -278.04818320453955, -427.2021937513405, -450.0941724199688, -114.57409381752572]]}