{"dkl_loss_log_uncertainity_-0.5": [[-200.10085916835652, -200.0312727891055]], "dkl_loss_log_uncertainity_-0.25": [[-510.0835985572391, -379.06401279205403]], "dkl_loss_log_uncertainity_0": [[-187.43623696323016, -292.15725466663736]], "dkl_loss_log_uncertainity_0.25": [[-290.19522128521044, -225.63591578018247]], "dkl_loss_log_uncertainity_0.5": [[-61.86334552755105, -562.7856071551723]], "dkl_loss_maxexpected": [[-543.191618024181, -402.00737029030716]], "wasserstein_loss_log_uncertainity_-0.5": [[-774.2813846932484, -683.999992184636]], "wasserstein_loss_log_uncertainity_-0.25": [[-592.9835097471625, -385.1950682314077]], "wasserstein_loss_log_uncertainity_0": [[-668.0267643940812, -1634.3872175956074]], "wasserstein_loss_log_uncertainity_0.25": [[-335.6868724510447, -239.43441585739615]], "wasserstein_loss_log_uncertainity_0.5": [[-718.2944352080146, -663.2978615119938]], "wasserstein_loss_maxexpected": [[-277.8760929479055, -442.17657222291916]]}