{"td_ensemble_mle_minTrue_weighted_sum": [[-346.462098230922, -605.88883902819]], "td_ensemble_mle_minTrue_majority_vote": [[-135.20293082240843, -111.1035686961207]], "td_ensemble_mle_minFalse_weighted_sum": [[-464.94871124331854, -765.0327297981041]], "td_ensemble_mle_minFalse_majority_vote": [[-647.7955308636115, -432.292234235622]], "td_ensemble_no_update_minTrue_weighted_sum": [[-353.9568368013187, -710.3355963245891]], "td_ensemble_no_update_minTrue_majority_vote": [[-693.82025157431, -260.31722197864985]], "td_ensemble_no_update_minFalse_weighted_sum": [[-258.2834981441284, -603.5905071532842]], "td_ensemble_no_update_minFalse_majority_vote": [[-390.7458916215187, -602.5198131875936]], "td_ensemble_mle_max_update_minTrue_weighted_sum": [[-539.352315878673, -559.5079357607656]], "td_ensemble_mle_max_update_minTrue_majority_vote": [[-977.4391362979813, -597.516028386314]], "td_ensemble_mle_max_update_minFalse_weighted_sum": [[-697.8859369870279, -1150.0408610760528]], "td_ensemble_mle_max_update_minFalse_majority_vote": [[-614.2886553622171, -644.8914916431822]], "td_ensemble_grad_mle_minTrue_beta0.5_weighted_sum": [[-127.56544634378878, -138.51502481781904]], "td_ensemble_grad_mle_minTrue_beta0.5_majority_vote": [[-127.1880793702426, -457.3288258128027]], "td_ensemble_grad_mle_minTrue_beta1_weighted_sum": [[-333.27834763359067, -839.3920699895942]], "td_ensemble_grad_mle_minTrue_beta1_majority_vote": [[-528.5541683849228, -502.72461208424727]], "td_ensemble_grad_mle_minFalse_beta0.5_weighted_sum": [[-461.5443215835923, -562.8527288952682]], "td_ensemble_grad_mle_minFalse_beta0.5_majority_vote": [[-323.5797960445452, -444.16802068287586]], "td_ensemble_grad_mle_minFalse_beta1_weighted_sum": [[-425.88735472716564, -511.88631284769133]], "td_ensemble_grad_mle_minFalse_beta1_majority_vote": [[-200.26558341147032, -904.8007947740989]], "td_ensemble_grad_mle_max_update_minTrue_beta0.5_weighted_sum": [[-578.5042721738253, -613.873875780714]], "td_ensemble_grad_mle_max_update_minTrue_beta0.5_majority_vote": [[-161.65243822282537, -69.5289940115155]], "td_ensemble_grad_mle_max_update_minTrue_beta1_weighted_sum": [[-624.3846575880646, -777.2332567950882]], "td_ensemble_grad_mle_max_update_minTrue_beta1_majority_vote": [[-554.5222165782202, -452.2080072889507]], "td_ensemble_grad_mle_max_update_minFalse_beta0.5_weighted_sum": [[-556.7241667319173, -1859.473637153765]], "td_ensemble_grad_mle_max_update_minFalse_beta0.5_majority_vote": [[-356.5831872283272, -575.6614474033096]], "td_ensemble_grad_mle_max_update_minFalse_beta1_weighted_sum": [[-1112.6432276594278, -568.8102472442029]], "td_ensemble_grad_mle_max_update_minFalse_beta1_majority_vote": [[-644.0008932376375, -428.1940704765363]]}