{"td_ensemble_mle_minTrue_weighted_sum": [[-108.58925628317728, -516.2643977078424, -401.96634497780803, -552.211642127071, -122.3275452564862, -136.59297807088058, -159.4740450696313, -485.0026463633403, -552.9680700385932, -87.60836481998773], [-120.69569473609934, -534.189977547082, -749.1694081879526, -610.961156345797, -132.077518247047, -698.4410345391326, -584.3608778547127, -111.17925392506835, -107.51779173413051, -93.2476636576472]], "td_ensemble_mle_minTrue_majority_vote": [[-68.03888965117615, -124.78801177850133, -121.52310261910374, -106.99991163879471, -164.90414569639597, -111.20339918228427, -112.13813597933476, -130.64670801117444, -417.9501057192127, -637.9181204004896], [-826.7138282020786, -408.85958174064655, -446.65360479827604, -420.01117615609286, -725.7635264621484, -792.7311143785329, -438.8754118658584, -547.8565370458033, -461.8852910431012, -478.58694484289]], "td_ensemble_mle_minFalse_weighted_sum": [[-322.9316927874516, -156.33690707514805, -119.02596914105506, -20.881189166760706, -112.1775757575403, -520.8207160343502, -724.2164316380247, -533.5562824321869, -668.0509361657719, -364.44861515327426], [-665.6316794812572, -685.7440917429167, -421.27433206374565, -669.3469980212539, -378.96359950433214, -577.8411402259138, -115.06438375618043, -50.64547233649458, -182.7756153650725, -195.03263782019144]], "td_ensemble_mle_minFalse_majority_vote": [[-525.045737574467, -402.98258241056794, -439.0589089031182, -680.2052048951459, -324.52147492690096, -153.02313999495937, -319.60799951949264, -507.80669400733797, -625.4549230417671, -665.1041086912544], [-1174.0649552816635, -165.5096676772389, -100.29708433794276, -141.7885045764117, -355.39538126141974, -313.62960751019693, -254.21534639665376, -595.7032510093779, -438.8000948956329, -73.27855387378878]], "td_ensemble_no_update_minTrue_weighted_sum": [[-132.44820219218545, -111.0862331357424, -366.04958129157654, -561.0056637219757, -577.7548312428003, -491.91130045798116, -304.73434601028544, -121.81554887871566, -126.34547848302434, -127.53250840261354], [-419.77975469952014, -640.282171231233, -519.5784099191208, -88.90611571654168, -197.32409747638278, -97.78378648846346, -173.61248912339562, -449.37831679111446, -482.0753261446848, -535.2130585348704]], "td_ensemble_no_update_minTrue_majority_vote": [[-628.1091888372954, -550.0616276977842, -407.5428323643597, -121.50497481286864, -117.45835014713487, -205.82447638373236, -556.7449376832252, -673.038597013485, -741.0113737778657, -38.076977700342724], [-638.6731448135766, -533.667902444349, -117.61791574776625, -155.28043507314567, -155.12872701181016, -106.19361791851381, -119.22547943700927, -125.86264332252668, -823.3914256341608, -509.25797948897815]], "td_ensemble_no_update_minFalse_weighted_sum": [[-320.5630980551018, -442.497114959259, -663.0096385879423, -616.4050177314672, -654.4981825035311, -21.40275627825052, -451.83485304359135, -403.1657629760481, -496.57835442048963, -500.98344418904423], [-103.99442650594892, -606.4687645995295, -439.44141678624663, -478.96331401812415, -127.91897486118557, -184.26836081559054, -135.33771454853223, -37.6226654520667, -322.9658251342815, -880.9312357914755]], "td_ensemble_no_update_minFalse_majority_vote": [[-155.66021005026977, -125.37201991586062, -129.88852263914947, -103.05471681199423, -134.6666091657624, -84.51126391953227, -144.78182851333804, -536.5052666232224, -498.2018909270602, -148.5545741358925], [-597.1722603886308, -298.15517343781784, -117.40111272321239, -118.17328978243818, -138.70536020450055, -207.66909374483328, -94.36323744155368, -164.0813401286135, -422.9590912907562, -551.4229601894631]], "td_ensemble_mle_max_update_minTrue_weighted_sum": [[-2280.8211881892407, -283.1755968318987, -126.05671369820992, -94.39445942512796, -171.80674162658528, -133.3686754921987, -136.9721826676019, -128.24424715904863, -156.23132729006358, -191.65022078375083], [-109.78721002900116, -724.8577563938525, -160.3099283196914, -669.8047518520841, -656.1765153377589, -338.21330486473084, -464.207491365438, -100.99420264945037, -95.13356522535238, -119.20873422254382]], "td_ensemble_mle_max_update_minTrue_majority_vote": [[-449.6781095511801, -483.59319344554507, -416.53809263090756, -348.3077034011305, -477.3621379641307, -143.2620203004598, -466.56684230155145, -348.4141067391888, -590.8944260048938, -311.07330612129215], [-283.51040932747526, -3197.4404512452143, -320.3688461760073, -516.5236542798762, -227.9858303098088, -134.80112877978564, -218.65835806218476, -158.5262828104809, -180.67353639872047, -621.4938596419422]], "td_ensemble_mle_max_update_minFalse_weighted_sum": [[-331.47681958422004, -475.87620160750964, -206.87589146620897, -197.7290601416544, -186.36336198001658, 11.411497168330527, -144.41598718512796, -580.3802843732401, -305.3626688938151, -460.8292044264051], [-605.276029102296, -530.1245744609203, -99.76414739523484, -224.27062638018865, -372.7923298663287, -106.02228599542792, -427.8480924091914, -623.6783486952033, -705.8547406484266, -381.62688547921744]], "td_ensemble_mle_max_update_minFalse_majority_vote": [[-397.63005330770915, -398.0686171846083, -599.3787695065282, -139.43841932117573, -252.21703074276525, -164.0092330097983, -102.83948372250111, -199.44071384294367, -351.9708833141651, -423.6400798010092], [-201.89607652073366, -687.7047774262608, -439.07508058465214, -151.75237849536003, -133.24776534635865, -180.19803713668938, -82.34117331674801, -17.743719271029107, -130.4799870567867, -107.83930893897177]], "td_ensemble_grad_beta0.1_alpha0.8_weighted_sum": [[-159.92833749110764, -118.94291479832688, -115.78767269005124, -580.4468878307829, -109.37507804287591, -132.72371449815643, -146.4375634511331, -294.63499540801706, -97.78049065408013, -395.2508371388048], [-269.93573210957936, -458.03585672555664, -565.7818954155181, -338.9123711418982, -386.7151682046282, -186.3753760910521, -575.5914631849103, -241.50912708575936, -117.96832980729867, -180.510032901353]], "td_ensemble_grad_beta0.1_alpha0.8_majority_vote": [[-146.883438297743, -720.8307485695326, -663.3772874047162, -332.0477924164551, -227.08700736447562, -119.88204034373709, -150.30161330528057, -301.52117071447515, -575.394222441277, -517.037164867636], [-139.31852649293927, -199.00085476294834, -532.0345626505853, -869.2711176489862, -515.5448718821395, -144.29150003828025, -154.40724329185397, -130.51030993057913, -100.74503378433559, -203.24097499349807]], "td_ensemble_grad_beta0.1_alpha0.9_weighted_sum": [[-498.209395121386, -484.62724050737984, -462.2717353587838, -153.09537867003473, -88.41634425609377, -269.7918177560128, -85.81980411633445, -191.11041843893796, -117.14094900996238, -96.46727792944537], [-583.8468415639456, -618.2826307146788, -895.942995829038, -849.8306176934497, -273.63031621911364, -351.5730059117209, -693.5291334152104, -792.4185954833561, -533.3807779670067, -588.1399336330478]], "td_ensemble_grad_beta0.1_alpha0.9_majority_vote": [[-867.6866775451834, -575.7248881964473, -667.8516566715493, -695.1000900261863, -164.60456765116504, -86.69222420448816, -95.86219592319145, -154.75086822192702, -622.6418142234812, -500.119549369589], [-106.11056053731039, -585.7840005976468, -277.97972641175227, -617.3845094285841, -683.5447946393566, -648.2019850484968, -346.745070550294, -120.74164356894994, -199.8930010070358, -115.38548200536196]], "td_ensemble_grad_beta0.01_alpha0.8_weighted_sum": [[-778.3076096657346, -431.60492858208625, -122.52034431889547, -307.10765826152067, -125.119221376292, -530.460721413225, -718.0593201173775, -356.4100771505259, -131.03975071869718, -11.250751248610626], [-270.02716144380327, -360.36287224485073, -576.5518342573936, -301.1217065535903, -155.9119792242564, -139.35469876670913, -128.39604404880623, -500.39899203977274, -393.1820789549988, -383.59184490767643]],