{"td_ensemble_mle_minTrue_weighted_sum": [[-507.3372931326053, -1052.1798802551446]], "td_ensemble_mle_minTrue_majority_vote": [[-1373.027588870021, -254.8382396836017]], "td_ensemble_mle_minFalse_weighted_sum": [[-138.82845314870207, -361.46739654495804]], "td_ensemble_mle_minFalse_majority_vote": [[-451.8587435965534, -547.5600294130027]], "td_ensemble_no_update_minTrue_weighted_sum": [[-361.38275505566594, -436.0856636844913]], "td_ensemble_no_update_minTrue_majority_vote": [[-391.00193190659087, -392.9538530468452]], "td_ensemble_no_update_minFalse_weighted_sum": [[-520.3019828750155, -503.09003812928796]], "td_ensemble_no_update_minFalse_majority_vote": [[-782.9664166953588, -1995.227165158616]], "td_ensemble_mle_max_update_minTrue_weighted_sum": [[-325.87629874891957, -684.926453529358]], "td_ensemble_mle_max_update_minTrue_majority_vote": [[-41.573947212823356, -450.4065094879856]], "td_ensemble_mle_max_update_minFalse_weighted_sum": [[-563.3257773216383, -658.757869822838]], "td_ensemble_mle_max_update_minFalse_majority_vote": [[-485.12778170778387, -1140.1272879154274]], "td_ensemble_grad_mle_minTrue_beta0.5_weighted_sum": [[-510.303729931024, -124.1445954833981]], "td_ensemble_grad_mle_minTrue_beta0.5_majority_vote": [[-376.03955115194793, -124.56408320372333]], "td_ensemble_grad_mle_minTrue_beta1_weighted_sum": [[-353.9002781854881, -653.3733923634909]], "td_ensemble_grad_mle_minTrue_beta1_majority_vote": [[-542.4370024193746, -367.3355863774415]], "td_ensemble_grad_mle_minFalse_beta0.5_weighted_sum": [[-619.2666521419258, -442.7874102514207]], "td_ensemble_grad_mle_minFalse_beta0.5_majority_vote": [[-138.6917881452656, -545.9255300219857]], "td_ensemble_grad_mle_minFalse_beta1_weighted_sum": [[-582.286547099899, -709.207382317932]], "td_ensemble_grad_mle_minFalse_beta1_majority_vote": [[-116.7012033763808, -159.32622206144788]], "td_ensemble_grad_mle_max_update_minTrue_beta0.5_weighted_sum": [[-113.84210612686047, -822.7149585919972]], "td_ensemble_grad_mle_max_update_minTrue_beta0.5_majority_vote": [[-562.1367854632012, -371.6106310322331]], "td_ensemble_grad_mle_max_update_minTrue_beta1_weighted_sum": [[-418.3217202410079, -548.8403442015231]], "td_ensemble_grad_mle_max_update_minTrue_beta1_majority_vote": [[-513.8743249174331, -374.3174580210483]], "td_ensemble_grad_mle_max_update_minFalse_beta0.5_weighted_sum": [[-552.4909295227303, -488.46872915946943]], "td_ensemble_grad_mle_max_update_minFalse_beta0.5_majority_vote": [[-120.93005047406214, -458.75020863475027]], "td_ensemble_grad_mle_max_update_minFalse_beta1_weighted_sum": [[-570.1804073120352, -1381.2957190868383]], "td_ensemble_grad_mle_max_update_minFalse_beta1_majority_vote": [[-511.7217302230607, -895.9187051329761]]}