{"dkl_loss_log_uncertainity_-0.5": [[-615.5502923151262, -582.886238370687]], "dkl_loss_log_uncertainity_-0.25": [[-575.4307944775196, -502.6177825518481]], "dkl_loss_log_uncertainity_0": [[-565.7850800731504, -498.518273874815]], "dkl_loss_log_uncertainity_0.25": [[-368.6800279856084, -131.1753899712264]], "dkl_loss_log_uncertainity_0.5": [[-127.42046876917834, -148.89713944705284]], "dkl_loss_maxexpected": [[-236.37056645244007, -605.7603080238453]], "wasserstein_loss_log_uncertainity_-0.5": [[-269.0888306713723, -140.87569406600363]], "wasserstein_loss_log_uncertainity_-0.25": [[-209.85672204871508, -313.48389044508366]], "wasserstein_loss_log_uncertainity_0": [[-108.1902427627202, -90.5533677916455]], "wasserstein_loss_log_uncertainity_0.25": [[-431.7283229466686, -542.9811887716853]], "wasserstein_loss_log_uncertainity_0.5": [[-346.843386328567, -181.47817366394602]], "wasserstein_loss_maxexpected": [[-125.05193570517153, -129.29389443506355]]}