{"td_ensemble_mle_minTrue_weighted_sum": [[-471.3080330878073, -434.2590457296989, -620.0537676815204, -245.59858109084482, -136.6681234089415, -144.58922182835101, -224.9481977636225, -279.6644115521894, -782.3980162459578, -614.277477241007], [-347.7575137604571, -439.5427077987887, -658.8341183435932, -485.8475828947403, -180.63223662161784, -152.97193861858455, -86.06162049206591, -126.02272816199647, -132.84381664532523, -120.98977742225355]], "td_ensemble_mle_minTrue_majority_vote": [[-843.0342600509723, -434.1490845235832, -456.0149941825973, -849.9937611848985, -355.6759006662654, -460.93716748896253, -428.7801703960101, -302.3773943312698, -437.2985288365924, -451.4597909783088], [-479.6692960022804, -370.5786513840398, -480.39357574149886, -135.94946595376695, -709.3315110667321, -337.49023344331874, -417.245775896354, -330.4401066954949, -105.40050187413244, -148.521766529688]], "td_ensemble_mle_minFalse_weighted_sum": [[-146.60133019371307, -192.3197389918595, -119.76716604779338, -122.36629713276993, -196.04357612077968, -359.0296272636757, -481.1418264025599, -160.77438597744282, -357.0096250363922, -537.399352847696], [-570.3566702480387, -955.4714446201875, -288.4140962369486, -127.4196625777714, -153.31198410466817, -144.28739175297048, -123.43660168720686, -124.29293370475547, -35.0012506237821, -130.43751387018102]], "td_ensemble_mle_minFalse_majority_vote": [[-460.06622432532305, -110.9557676971241, -162.67735227717105, -301.2357607213919, -171.97985409186026, -329.83806970221394, -415.524745500494, -132.7032153439481, -92.09321090837139, -36.37827980309447], [-824.493478078101, -143.14307033683525, -198.76274385949387, -132.12737100203603, -696.2546252013956, -285.19582492126926, -444.3622194734923, -526.1022697329349, -472.1212114685615, -156.8510824207899]], "td_ensemble_no_update_minTrue_weighted_sum": [[-544.2591517731486, -476.9744586710907, -590.5441388806282, -144.73118291408733, -115.43363253159214, -156.7657291171488, -136.86876248347687, -149.13291090810088, -217.6372207611455, -624.8845193263601], [-825.0631645497816, -568.5731096085066, -646.7943798100243, -156.05396581399935, -150.18963594957836, -89.1679133340135, -195.84236163096972, -170.89789614227146, -108.6494970829475, -320.85414174385625]], "td_ensemble_no_update_minTrue_majority_vote": [[-975.8672882460093, -437.615207954152, -576.4348260302522, -380.0992240381968, -449.2285951138847, -129.3195900025737, -565.6024770436501, -314.8548100554343, -215.0604279369669, -119.72351870815504], [-196.0265795795253, -615.1783089291076, -470.2008454228679, -334.29588340927023, -638.5956845060971, -924.213799331983, -96.15973317503207, -410.6237812486113, -520.1986929875723, -163.78139490512157]], "td_ensemble_no_update_minFalse_weighted_sum": [[-811.671622535269, -417.53240130704944, -586.6402661014519, -598.7592708864877, -436.57961447990834, -250.3009278682319, -134.82740087480624, -160.44842485995332, -147.27188253074303, -132.77717922616154], [-115.0904233071331, -108.94908772597745, -316.15335319004754, -566.4769510456892, -396.6544235023393, -127.13375872239064, -154.93367624176713, -474.1512382845144, -324.4983090254892, -161.6416964451662]], "td_ensemble_no_update_minFalse_majority_vote": [[-538.737134051242, -549.9246694252824, -716.4358528905507, -702.7096054318716, -194.45821598272897, -128.08074625010647, -111.5896114285189, -130.4752212560722, -159.81492322033785, -146.9476889551741], [-119.45833045885927, -712.8071588001385, -544.5051262502847, -312.81818105325965, -436.3441715011962, -365.79702792492236, -163.4234619525926, -218.79266314093087, -500.6121970200619, -626.979152651301]], "td_ensemble_mle_max_update_minTrue_weighted_sum": [[-426.051485488016, -823.2804256604844, -618.2976983177371, -524.0885926800331, -150.82067241228148, -128.21607198988553, -202.16130636655396, -446.22554604868003, -275.65312259438116, -109.24378862997351], [-321.4314914792281, -144.5878735447354, -515.4405345056107, -655.5508920324908, -428.9086329112186, -367.3029155355767, -118.81201714921934, -25.467884646677362, -121.84629722862172, -116.95234771656808]], "td_ensemble_mle_max_update_minTrue_majority_vote": [[-445.7062911033134, -574.5345035352464, -1685.5032713091853, -487.80093677709147, -431.4711111042842, -268.736601572666, -622.8205923982767, -832.6632982334495, -609.1566978142373, -517.4791366904508], [-140.16222916175929, -570.1685372001069, -421.7029894629385, -120.28531531860975, -112.71166787625802, -130.78642368771042, -172.41313509424793, -130.39090771198667, -250.28240620378114, -545.4462613108212]], "td_ensemble_mle_max_update_minFalse_weighted_sum": [[-364.2825152104646, -593.5084910289067, -710.3438999680951, -337.3470446597039, -145.64140473687053, -405.96276018017284, -473.6567936644195, -299.2637829608002, -461.7440286210895, -355.9793910668776], [-441.3918474275753, -542.8911886240028, -724.7442924965054, -405.1577634212659, -148.98971660272582, -601.0506625880096, -394.78443662429305, -465.0209783167722, -348.1908076647275, -734.013268987956]], "td_ensemble_mle_max_update_minFalse_majority_vote": [[-530.3548689585343, -625.8792040488336, -511.7695994017181, -732.2352726357914, -922.5219961403515, -218.46436651716658, -546.3784484734668, -493.09016965517935, -155.0217204573994, -156.75928652598532], [-521.0419425041991, -400.6385830285473, -441.33832250418965, -1176.036605975256, -320.5586808564424, -443.83021332995713, -469.5942069440952, -315.1181471894737, -153.02945508399796, -164.37363020260705]], "td_ensemble_grad_beta0.1_alpha0.8_weighted_sum": [[-672.1478027929256, -753.9184992479759, -135.14438466324106, -109.2333505441571, -101.27542272276342, -233.57217336423938, -404.73011323024616, -268.40104241458744, -609.5193083144899, -551.2034759147944], [-449.97583064511167, -401.8136441701993, -698.4940695336252, -136.241141607045, -155.64756022029377, -161.14423283846043, -146.74039896191587, -444.37435621287005, -332.95332576372107, -454.60558477970505]], "td_ensemble_grad_beta0.1_alpha0.8_majority_vote": [[-402.0804850014647, -668.3014451420032, -373.68918050672903, -373.61348043056444, -417.6412590002383, -655.4751245383142, -715.8576824069244, -494.18245348106393, -190.97304139885438, -162.89389034268024], [-482.08011538320517, -524.2117135467338, -987.0654498231376, -354.0182921304795, -168.42903713114526, -142.65945937459114, -101.94655511481739, -328.8046192734853, -134.46399141314112, -410.3400610343948]], "td_ensemble_grad_beta0.1_alpha0.9_weighted_sum": [[-670.7667162336387, -151.984703768937, -147.408577210334, -143.5394650751769, -122.261610481847, -521.5347046025538, -273.0659731990118, -354.3413213977363, -570.4289801646621, -475.1692081518716], [-764.4099506162247, -99.43815440290973, -119.01761688990399, -491.82026667454693, -541.8626356957122, -534.9384137768536, -582.5633677293948, -105.22749419326055, -144.01659819106203, -135.05990687391642]], "td_ensemble_grad_beta0.1_alpha0.9_majority_vote": [[-604.965364155634, -277.9352159740024, -411.7252246375595, -465.58962396937477, -945.8369244891393, -108.18956195995494, -249.95270541639698, -164.4687898841088, -161.74705456332828, -109.69911440070638], [-417.47866733528303, -388.6667039705162, -188.64052060075943, -399.2721204735131, -624.0355197665851, -397.5139558287214, -519.5041306234925, -639.5058533796366, -743.4434116306427, -281.42705836169114]], "td_ensemble_grad_beta0.01_alpha0.8_weighted_sum": [[-400.01428077799756, -544.8509483533225, -1091.4400835770548, -127.03171545079908, -91.3079725344147, -143.84291812423834, -42.75699445513213, -397.7297065967038, -411.93085538368706, -166.79396286356865], [-972.8605402532435, -1212.233427467031, -573.5051497606264, -541.1226558749445, -379.400992161119, -164.63260441253922, -227.91349778708178, -253.81319035983978, -115.0649553359093, -94.08346740035435]],