{"td_ensemble_mle_minTrue_weighted_sum": [[-485.36755506755173, -500.8237014931518]], "td_ensemble_mle_minTrue_majority_vote": [[-435.7732885915553, -502.800024367414]], "td_ensemble_mle_minFalse_weighted_sum": [[-518.0145057735273, -356.18442262027713]], "td_ensemble_mle_minFalse_majority_vote": [[-297.40661473064006, -651.8489603875314]], "td_ensemble_no_update_minTrue_weighted_sum": [[-450.210287130317, -320.57218210572745]], "td_ensemble_no_update_minTrue_majority_vote": [[-60.525184991246434, -164.1921159443632]], "td_ensemble_no_update_minFalse_weighted_sum": [[-173.18234753422553, -214.1749905749895]], "td_ensemble_no_update_minFalse_majority_vote": [[-143.9907097938995, -114.78556561533235]], "td_ensemble_mle_max_update_minTrue_weighted_sum": [[-759.7065500545257, -504.1743071753633]], "td_ensemble_mle_max_update_minTrue_majority_vote": [[-771.8641510636519, -602.3116087321686]], "td_ensemble_mle_max_update_minFalse_weighted_sum": [[-569.788540227101, -421.1943851765749]], "td_ensemble_mle_max_update_minFalse_majority_vote": [[-601.2448034166184, -659.8965928250667]], "td_ensemble_grad_mle_minTrue_beta0.5_weighted_sum": [[-237.21412020289182, -576.3876228688496]], "td_ensemble_grad_mle_minTrue_beta0.5_majority_vote": [[-524.8758928708713, -764.3101006331531]], "td_ensemble_grad_mle_minTrue_beta1_weighted_sum": [[-510.69605735931844, -398.1537520600706]], "td_ensemble_grad_mle_minTrue_beta1_majority_vote": [[-524.2720714586875, -501.01934524097453]], "td_ensemble_grad_mle_minFalse_beta0.5_weighted_sum": [[-871.4656811793104, -1330.7111158210596]], "td_ensemble_grad_mle_minFalse_beta0.5_majority_vote": [[-542.8621434443988, -587.5679747651739]], "td_ensemble_grad_mle_minFalse_beta1_weighted_sum": [[-12.097137750603167, -123.25378875967476]], "td_ensemble_grad_mle_minFalse_beta1_majority_vote": [[-816.4543029162751, -645.5331837690724]], "td_ensemble_grad_mle_max_update_minTrue_beta0.5_weighted_sum": [[-631.9593890204426, -422.58937456904596]], "td_ensemble_grad_mle_max_update_minTrue_beta0.5_majority_vote": [[-222.96782793185008, -137.86612523883178]], "td_ensemble_grad_mle_max_update_minTrue_beta1_weighted_sum": [[-445.06409517139474, -567.722708127327]], "td_ensemble_grad_mle_max_update_minTrue_beta1_majority_vote": [[-675.3568767996835, -556.7125727776775]], "td_ensemble_grad_mle_max_update_minFalse_beta0.5_weighted_sum": [[-665.6757208725983, -565.5620423155212]], "td_ensemble_grad_mle_max_update_minFalse_beta0.5_majority_vote": [[-405.51914651442064, -688.7023845624101]], "td_ensemble_grad_mle_max_update_minFalse_beta1_weighted_sum": [[-477.68070018580124, -468.9732211043248]], "td_ensemble_grad_mle_max_update_minFalse_beta1_majority_vote": [[-373.65985172552473, -626.9860132393486]]}