{"td_ensemble_mle_minTrue_weighted_sum": [[-607.4983603242267, -577.5348013465423]], "td_ensemble_mle_minTrue_majority_vote": [[-682.5496357788421, -115.62570045133813]], "td_ensemble_mle_minFalse_weighted_sum": [[-131.43289535543636, -126.11007937408952]], "td_ensemble_mle_minFalse_majority_vote": [[-600.1782446907831, -705.3765343220375]], "td_ensemble_no_update_minTrue_weighted_sum": [[-316.78371304652876, -637.0055089573217]], "td_ensemble_no_update_minTrue_majority_vote": [[-903.9393498674509, -465.718245270627]], "td_ensemble_no_update_minFalse_weighted_sum": [[-114.4983090925576, -440.1370968223221]], "td_ensemble_no_update_minFalse_majority_vote": [[-445.1927230275645, -527.5712116360512]], "td_ensemble_mle_max_update_minTrue_weighted_sum": [[-158.05201560760668, -732.637040109353]], "td_ensemble_mle_max_update_minTrue_majority_vote": [[-522.2116475486331, -684.0082567917785]], "td_ensemble_mle_max_update_minFalse_weighted_sum": [[0.6253526198282771, -133.3888454768123]], "td_ensemble_mle_max_update_minFalse_majority_vote": [[-407.68600676180495, -433.52757980711635]], "td_ensemble_grad_mle_minTrue_beta0.5_weighted_sum": [[-549.2950406491054, -637.1326645346477]], "td_ensemble_grad_mle_minTrue_beta0.5_majority_vote": [[-647.3128946379838, -690.8405409023242]], "td_ensemble_grad_mle_minTrue_beta1_weighted_sum": [[-984.8343711856252, -275.39897360398993]], "td_ensemble_grad_mle_minTrue_beta1_majority_vote": [[-464.8129801373589, -684.0193184624568]], "td_ensemble_grad_mle_minFalse_beta0.5_weighted_sum": [[-491.03203731942403, -1635.538525424437]], "td_ensemble_grad_mle_minFalse_beta0.5_majority_vote": [[-103.39832179821887, -326.04157480346817]], "td_ensemble_grad_mle_minFalse_beta1_weighted_sum": [[-307.26548333672065, -505.4798032112388]], "td_ensemble_grad_mle_minFalse_beta1_majority_vote": [[-552.7324049293212, -1011.0829140284426]], "td_ensemble_grad_mle_max_update_minTrue_beta0.5_weighted_sum": [[-480.2939883566955, -375.10915752767755]], "td_ensemble_grad_mle_max_update_minTrue_beta0.5_majority_vote": [[-557.7876863418109, -258.6865871640465]], "td_ensemble_grad_mle_max_update_minTrue_beta1_weighted_sum": [[-488.77873060425736, -610.7975337782632]], "td_ensemble_grad_mle_max_update_minTrue_beta1_majority_vote": [[-250.89299691478675, -531.5167354325731]], "td_ensemble_grad_mle_max_update_minFalse_beta0.5_weighted_sum": [[-348.97048220263196, -585.0192426267636]], "td_ensemble_grad_mle_max_update_minFalse_beta0.5_majority_vote": [[-95.39009490879268, -129.3367243667255]], "td_ensemble_grad_mle_max_update_minFalse_beta1_weighted_sum": [[-291.92757229078717, -279.5156388685871]], "td_ensemble_grad_mle_max_update_minFalse_beta1_majority_vote": [[-426.6339444139698, -749.0321363312781]]}