{"null": [[-4.609726764160401, -15.311531783656864]], "gaussian_0.1": [[-8.29470377070384, -13.926096025014873]], "gaussian_0.5": [[-12.63930891661544, -17.982703347691444]], "gaussian_0.9": [[-4.540062610048519, -10.268198136206951]], "quantile_0.1": [[52.66772282342329, -19.00669831103086]], "quantile_0.5": [[-9.502515929175742, -18.162307195638995]], "quantile_0.9": [[-9.29312859534314, -5.046204003770534]]}