{"null": [[-3.1808846119642196, -10.837306359877607]], "gaussian_0.1": [[-4.583776487147203, -13.70978215270762]], "gaussian_0.5": [[-17.62665973350064, -7.143552605382882]], "gaussian_0.9": [[161.96669483917537, -30.13123425274081]], "quantile_0.1": [[114.31028151980186, 40.93317946500375]], "quantile_0.5": [[-4.3504918900876905, -6.8455447293314045]], "quantile_0.9": [[-3.853027472613925, -18.235556733939564]]}