{"null": [[3.4987207645451313, -0.16694467692035997], [5.875626008948838, -1.1348790005935716]], "gaussian_0.1": [[18.00073242819535, 4.433936566085356], [6.104607675270099, -0.5178383063809802]], "gaussian_0.5": [[4.544669518035018, 2.647393598793541], [3.9350779934990476, -1.9229918772978987]], "gaussian_0.9": [[46.451182866560984, 36.79238697634026], [44.51500033194826, 37.43868449430685]], "quantile_0.1": [[7.137641305628495, 4.300165057755334], [24.338419401774377, 4.606328898171806]], "quantile_0.5": [[7.908253657505607, 4.603828462858222], [24.76378468907144, 4.4478672877004195]], "quantile_0.9": [[7.726066909962876, 3.3795319335775025], [16.300895566850357, 6.263988781423859]]}