{"null": [[11.903025216437557, -12.098606886505628], [-9.497034058586081, -25.08789145205753]], "gaussian_0.1": [[-2.3185924905161923, -10.847645933286667], [-17.809476814329468, -9.263326356142368]], "gaussian_0.5": [[-5.460933035361496, -14.329802843686679], [-5.718957214974921, -13.824993269159716]], "gaussian_0.9": [[-8.498639279709879, -8.947715372928847], [-3.436285517061414, -6.953489361690963]], "quantile_0.1": [[-5.423018724347071, -16.255660633020742], [-11.018900760361833, -8.540024325160644]], "quantile_0.5": [[-7.720120693650444, -24.07089174290955], [1.7202439396071039, -5.235473755811383]], "quantile_0.9": [[-4.231490013297742, -15.188505193124968], [31.113738767070625, -20.14813266682773]]}